player_name,team_code,jersey_number,position,height_feet_inches,weight_pounds,college_name,country_name
Steven Adams,HOU,12.0,C,6-11,265 lbs,Pittsburgh,New Zealand
Bam Adebayo,MIA,13.0,C-F,6-9,255 lbs,Kentucky,USA
Ochai Agbaji,TOR,30.0,G,6-5,215 lbs,Kansas,USA
Santi Aldama,MEM,7.0,F-C,7-0,215 lbs,Loyola-Maryland,Spain
Trey Alexander,NOP,23.0,G,6-5,185 lbs,Creighton,USA
Nickeil Alexander-Walker,ATL,7.0,G,6-5,205 lbs,Virginia Tech,Canada
Grayson Allen,PHX,8.0,G,6-3,198 lbs,Duke,USA
Jarrett Allen,CLE,31.0,C,6-9,243 lbs,Texas,USA
Jose Alvarado,NOP,15.0,G,6-0,179 lbs,Georgia Tech,USA
Kyle Anderson,UTA,2.0,F-G,6-8,230 lbs,UCLA,USA
Alex Antetokounmpo,MIL,,F,6-8,214 lbs,,Greece
Giannis Antetokounmpo,MIL,34.0,F,6-11,243 lbs,Filathlitikos,Greece
Thanasis Antetokounmpo,MIL,43.0,F,6-7,219 lbs,Panathinaikos,Greece
Cole Anthony,MIL,50.0,G,6-2,185 lbs,North Carolina,USA
OG Anunoby,NYK,8.0,F-G,6-7,240 lbs,Indiana,United Kingdom
Deni Avdija,POR,8.0,F,6-8,228 lbs,Maccabi Tel Aviv,Israel
Deandre Ayton,LAL,5.0,C,7-0,252 lbs,Arizona,Bahamas
Marvin Bagley III,WAS,35.0,F,6-10,235 lbs,Duke,USA
Ace Bailey,UTA,19.0,F,6-9,200 lbs,Rutgers,USA
LaMelo Ball,CHA,1.0,G,6-7,180 lbs,Illawarra,USA
Lonzo Ball,CLE,2.0,G,6-5,190 lbs,UCLA,USA
Paolo Banchero,ORL,5.0,F,6-10,250 lbs,Duke,USA
Desmond Bane,ORL,3.0,G,6-6,215 lbs,TCU,USA
Dominick Barlow,PHI,25.0,F,6-9,215 lbs,Overtime Elite,USA
Harrison Barnes,SAS,40.0,F,6-7,225 lbs,North Carolina,USA
Scottie Barnes,TOR,4.0,F-G,6-8,237 lbs,Florida State,USA
Brooks Barnhizer,OKC,23.0,G,6-5,230 lbs,Northwestern,USA
RJ Barrett,TOR,9.0,F-G,6-6,214 lbs,Duke,Canada
Charles Bassey,MEM,28.0,C-F,6-10,230 lbs,Western Kentucky,Nigeria
Tamar Bates,DEN,7.0,G,6-4,195 lbs,Missouri,USA
Jamison Battle,TOR,77.0,F,6-7,220 lbs,Ohio State,USA
Nicolas Batum,LAC,33.0,G-F,6-7,230 lbs,Le Mans,France
Bradley Beal,LAC,0.0,G,6-4,207 lbs,Florida,USA
Joan Beringer,MIN,19.0,F,6-11,230 lbs,-,France
Saddiq Bey,NOP,41.0,G-F,6-8,215 lbs,Villanova,USA
Goga Bitadze,ORL,35.0,C-F,6-11,250 lbs,Mega Basket,Georgia
Bismack Biyombo,SAS,18.0,C,6-8,255 lbs,Baloncesto Fuenlabrada,DRC
Anthony Black,ORL,0.0,G,6-7,200 lbs,Arkansas,USA
Bogdan Bogdanović,LAC,10.0,G,6-5,225 lbs,Fenerbahce,Serbia
Adem Bona,PHI,30.0,F,6-10,235 lbs,UCLA,Nigeria
Devin Booker,PHX,1.0,G,6-5,206 lbs,Kentucky,USA
Chris Boucher,BOS,25.0,F,6-8,200 lbs,Oregon,Saint Lucia
Tony Bradley,IND,13.0,C-F,6-10,248 lbs,North Carolina,USA
Malaki Branham,WAS,8.0,F,6-4,180 lbs,Ohio State,USA
Christian Braun,DEN,0.0,G,6-6,220 lbs,Kansas,USA
Koby Brea,PHX,14.0,G,6-5,215 lbs,Kentucky,USA
Mikal Bridges,NYK,25.0,G-F,6-6,209 lbs,Villanova,USA
Miles Bridges,CHA,0.0,F,6-7,225 lbs,Michigan State,USA
Dillon Brooks,PHX,3.0,G-F,6-7,225 lbs,Oregon,Canada
Johni Broome,PHI,22.0,F,6-10,235 lbs,Auburn,USA
Bruce Brown,DEN,11.0,G-F,6-4,202 lbs,Miami,USA
Jaylen Brown,BOS,7.0,G-F,6-6,223 lbs,California,USA
Kobe Brown,LAC,24.0,F,6-7,250 lbs,Missouri,USA
Jalen Brunson,NYK,11.0,G,6-2,190 lbs,Villanova,USA
Carter Bryant,SAS,11.0,F,6-6,220 lbs,Arizona,USA
Thomas Bryant,CLE,3.0,C-F,6-9,248 lbs,Indiana,USA
Jimmy Butler III,GSW,10.0,F,6-6,230 lbs,Marquette,USA
Matas Buzelis,CHI,14.0,F,6-8,209 lbs,NBA G League Ignite,USA
Jamal Cain,ORL,8.0,F,6-7,191 lbs,Oakland,USA
Kentavious Caldwell-Pope,MEM,3.0,G,6-5,204 lbs,Georgia,USA
Toumani Camara,POR,33.0,F,6-7,230 lbs,Dayton,Belgium
Clint Capela,HOU,30.0,C,6-10,256 lbs,Elan Chalon,Switzerland
Dylan Cardwell,SAC,,C,6-10,255 lbs,Auburn,USA
Branden Carlson,OKC,15.0,C,7-0,220 lbs,Utah,USA
Bub Carrington,WAS,7.0,G,6-4,190 lbs,Pittsburgh,USA
Devin Carter,SAC,22.0,G,6-2,195 lbs,Providence,USA
Jevon Carter,CHI,5.0,G,6-0,200 lbs,West Virginia,USA
Wendell Carter Jr.,ORL,34.0,C-F,6-10,270 lbs,Duke,USA
Alex Caruso,OKC,9.0,G,6-5,186 lbs,Texas A&M,USA
Stephon Castle,SAS,5.0,G,6-6,215 lbs,Connecticut,USA
Colin Castleton,ORL,14.0,C,6-10,250 lbs,Florida,USA
Julian Champagnie,SAS,30.0,F,6-7,217 lbs,St. John's,USA
Justin Champagnie,WAS,9.0,G-F,6-6,206 lbs,Pittsburgh,USA
Cam Christie,LAC,12.0,G,6-5,190 lbs,Minnesota,USA
Max Christie,DAL,0.0,G,6-5,190 lbs,Michigan State,USA
Moussa Cisse,DAL,30.0,C,6-11,220 lbs,Memphis,Guinea
Sidy Cissoko,POR,91.0,G,6-6,220 lbs,NBA G League Ignite,France
Jaylen Clark,MIN,22.0,G,6-5,205 lbs,UCLA,USA
Brandon Clarke,MEM,15.0,F,6-8,215 lbs,Gonzaga,Canada
Jordan Clarkson,NYK,0.0,G,6-5,194 lbs,Missouri,USA
Nic Claxton,BKN,33.0,C,6-11,215 lbs,Georgia,USA
Walter Clayton Jr.,UTA,13.0,G,6-4,195 lbs,Florida,USA
Nique Clifford,SAC,5.0,G,6-5,175 lbs,Colorado State,USA
Donovan Clingan,POR,23.0,C,7-2,280 lbs,Connecticut,USA
Noah Clowney,BKN,21.0,F-C,6-10,210 lbs,Alabama,USA
Amir Coffey,MIL,17.0,G-F,6-7,210 lbs,Minnesota,USA
Isaiah Collier,UTA,8.0,G,6-4,210 lbs,Southern California,USA
John Collins,LAC,20.0,F-C,6-9,226 lbs,Wake Forest,USA
Zach Collins,CHI,12.0,F-C,6-9,250 lbs,Gonzaga,USA
Mike Conley,MIN,10.0,G,6-1,175 lbs,Ohio State,USA
Pat Connaughton,CHA,21.0,G,6-5,209 lbs,Notre Dame,USA
Javonte Cooke,POR,18.0,G,6-6,185 lbs,Winston-Salem,USA
Sharife Cooper,WAS,13.0,G,6-0,176 lbs,Auburn,USA
Bilal Coulibaly,WAS,0.0,G,6-7,195 lbs,Metropolitans 92,France
Cedric Coward,MEM,23.0,G,6-5,206 lbs,Washington State,USA
Isaiah Crawford,HOU,27.0,F,6-6,220 lbs,Louisiana Tech,USA
Cade Cunningham,DET,2.0,G,6-6,220 lbs,Oklahoma State,USA
Stephen Curry,GSW,30.0,G,6-2,185 lbs,Davidson,USA
Tristan da Silva,ORL,23.0,F,6-8,217 lbs,Colorado,Germany
Pacôme Dadiet,NYK,4.0,F,6-9,210 lbs,Ratiopharm Ulm,France
Dyson Daniels,ATL,5.0,G,6-7,199 lbs,NBA G League Ignite,Australia
N'Faly Dante,ATL,12.0,C,6-11,230 lbs,Oregon,Mali
Anthony Davis,DAL,3.0,F-C,6-10,253 lbs,Kentucky,USA
JD Davison,HOU,4.0,G,6-1,195 lbs,Alabama,USA
Egor Dëmin,BKN,8.0,G,6-8,200 lbs,Brigham Young,Russia
RayJ Dennis,IND,10.0,G,6-1,180 lbs,Baylor,USA
DeMar DeRozan,SAC,10.0,G-F,6-6,220 lbs,Southern California,USA
Moussa Diabaté,CHA,14.0,F,6-10,210 lbs,Michigan,France
Mohamed Diawara,NYK,51.0,F,6-9,225 lbs,-,France
Gradey Dick,TOR,1.0,G-F,6-7,200 lbs,Kansas,USA
Hunter Dickinson,NOP,4.0,C,7-1,255 lbs,Kansas,USA
Ousmane Dieng,OKC,13.0,F,6-9,185 lbs,New Zealand Breakers,France
Rob Dillingham,MIN,4.0,G,6-2,175 lbs,Kentucky,USA
Donte DiVincenzo,MIN,0.0,G,6-4,203 lbs,Villanova,USA
Luka Dončić,LAL,77.0,F-G,6-8,230 lbs,Real Madrid,Slovenia
Luguentz Dort,OKC,5.0,G,6-4,220 lbs,Arizona State,Canada
Ayo Dosunmu,CHI,11.0,G,6-4,200 lbs,Illinois,USA
Andre Drummond,PHI,1.0,C,6-11,279 lbs,Connecticut,USA
Kris Dunn,LAC,8.0,G,6-3,205 lbs,Providence,USA
Ryan Dunn,PHX,0.0,F,6-7,216 lbs,Virginia,USA
Kevin Durant,HOU,7.0,F,6-11,240 lbs,Texas,USA
Jalen Duren,DET,0.0,C,6-10,250 lbs,Memphis,USA
Nikola Đurišić,ATL,22.0,G,6-8,214 lbs,Mega Basket,Belgium
Tari Eason,HOU,17.0,F,6-8,215 lbs,Louisiana State,USA
Zach Edey,MEM,14.0,C,7-3,305 lbs,Purdue,Canada
VJ Edgecombe,PHI,77.0,G,6-4,180 lbs,Baylor,USA
Anthony Edwards,MIN,5.0,G,6-4,225 lbs,Georgia,USA
Justin Edwards,PHI,11.0,F,6-7,203 lbs,Kentucky,USA
Keon Ellis,SAC,23.0,G,6-4,175 lbs,Alabama,USA
Joel Embiid,PHI,21.0,C-F,7-0,280 lbs,Kansas,Cameroon
Noa Essengue,CHI,24.0,F,6-8,200 lbs,-,France
Tyson Etienne,BKN,10.0,G,6-0,200 lbs,Wichita State,USA
Drew Eubanks,SAC,19.0,F-C,6-10,245 lbs,Oregon State,USA
Tosan Evbuomwan,NYK,20.0,F,6-8,217 lbs,Princeton,United Kingdom
Danté Exum,DAL,0.0,G,6-5,214 lbs,Australian Institute of Sport,Australia
Jeremiah Fears,NOP,0.0,G,6-3,190 lbs,Oklahoma,USA
Kyle Filipowski,UTA,22.0,C,6-11,250 lbs,Duke,USA
Dorian Finney-Smith,HOU,2.0,F,6-7,220 lbs,Florida,USA
Cooper Flagg,DAL,32.0,F,6-9,205 lbs,Duke,USA
Rasheer Fleming,PHX,20.0,F,6-9,240 lbs,St. Joseph's (PA),USA
Trentyn Flowers,CHI,9.0,F,6-9,185 lbs,Adelaide,USA
Simone Fontecchio,MIA,0.0,F,6-7,209 lbs,Baskonia,Italy
De'Aaron Fox,SAS,4.0,G,6-3,185 lbs,Kentucky,USA
Enrique Freeman,MIN,25.0,F,6-9,220 lbs,Akron,USA
Johnny Furphy,IND,12.0,G,6-8,200 lbs,Kansas,Australia
Daniel Gafford,DAL,21.0,F-C,6-10,265 lbs,Arkansas,USA
Myron Gardner,MIA,,F,6-5,220 lbs,Arkansas-Little Rock,USA
Darius Garland,CLE,10.0,G,6-1,192 lbs,Vanderbilt,USA
Luka Garza,BOS,52.0,C,6-10,243 lbs,Iowa,USA
Keyonte George,UTA,3.0,G,6-4,185 lbs,Baylor,USA
Kyshawn George,WAS,18.0,F,6-8,200 lbs,Miami,Switzerland
Paul George,PHI,8.0,F,6-8,220 lbs,Fresno State,USA
Josh Giddey,CHI,3.0,G,6-7,216 lbs,NBA Global Academy,Australia
Shai Gilgeous-Alexander,OKC,2.0,G,6-6,195 lbs,Kentucky,Canada
Anthony Gill,WAS,16.0,F,6-7,230 lbs,Virginia,USA
Collin Gillespie,PHX,12.0,G,6-1,195 lbs,Villanova,USA
Rudy Gobert,MIN,27.0,C,7-1,258 lbs,Cholet,France
Vladislav Goldin,MIA,50.0,C,7-0,250 lbs,Michigan,Russia
Hugo González,BOS,28.0,G,6-6,200 lbs,-,Spain
Jordan Goodwin,PHX,23.0,G,6-3,215 lbs,St. Louis,USA
Aaron Gordon,DEN,32.0,F,6-8,235 lbs,Arizona,USA
Eric Gordon,PHI,23.0,G,6-3,215 lbs,Indiana,USA
Jerami Grant,POR,9.0,F,6-7,213 lbs,Syracuse,USA
AJ Green,MIL,20.0,G,6-4,190 lbs,Northern Iowa,USA
Draymond Green,GSW,23.0,F,6-6,230 lbs,Michigan State,USA
Jalen Green,PHX,4.0,G,6-4,186 lbs,NBA G League Ignite,USA
Javonte Green,DET,31.0,G,6-5,205 lbs,Radford,USA
Jeff Green,HOU,32.0,F,6-8,235 lbs,Georgetown,USA
Josh Green,CHA,10.0,G,6-6,200 lbs,Arizona,Australia
Quentin Grimes,PHI,5.0,G,6-4,210 lbs,Houston,USA
Mouhamed Gueye,ATL,18.0,F,6-11,210 lbs,Washington State,Senegal
Rui Hachimura,LAL,28.0,F,6-8,230 lbs,Gonzaga,Japan
Tyrese Haliburton,IND,0.0,G,6-5,185 lbs,Iowa State,USA
PJ Hall,MEM,16.0,C,6-8,245 lbs,Clemson,USA
Tim Hardaway Jr.,DEN,10.0,G-F,6-5,205 lbs,Michigan,USA
James Harden,LAC,1.0,G,6-5,220 lbs,Arizona State,USA
Jaden Hardy,DAL,1.0,G,6-3,198 lbs,NBA G League Ignite,USA
Elijah Harkless,UTA,16.0,G,6-3,195 lbs,UNLV,USA
Dylan Harper,SAS,2.0,G,6-5,215 lbs,Rutgers,USA
Ron Harper Jr.,BOS,13.0,G-F,6-5,233 lbs,Rutgers,USA
Gary Harris,MIL,11.0,G,6-4,210 lbs,Michigan State,USA
Kevon Harris,HOU,0.0,G,6-5,216 lbs,Stephen F. Austin,USA
Tobias Harris,DET,12.0,F,6-8,226 lbs,Tennessee,USA
Josh Hart,NYK,3.0,G,6-5,215 lbs,Villanova,USA
Isaiah Hartenstein,OKC,55.0,C-F,7-0,250 lbs,Zalgiris,Germany
Sam Hauser,BOS,30.0,F,6-7,217 lbs,Virginia,USA
Jordan Hawkins,NOP,24.0,G,6-5,190 lbs,Connecticut,USA
Jaxson Hayes,LAL,11.0,C-F,7-0,220 lbs,Texas,USA
Nigel Hayes-Davis,PHX,21.0,F,6-7,254 lbs,Wisconsin,USA
Scoot Henderson,POR,0.0,G,6-3,207 lbs,NBA G League Ignite,USA
Taylor Hendricks,UTA,0.0,F,6-9,215 lbs,Central Florida,USA
Chucky Hepburn,TOR,,G,6-0,190 lbs,Louisville,USA
Tyler Herro,MIA,14.0,G,6-5,195 lbs,Kentucky,USA
Buddy Hield,GSW,7.0,G,6-4,220 lbs,Oklahoma,Bahamas
Haywood Highsmith,BKN,7.0,F,6-5,220 lbs,Wheeling Jesuit,USA
Aaron Holiday,HOU,0.0,G,6-0,185 lbs,UCLA,USA
Jrue Holiday,POR,5.0,G,6-4,220 lbs,UCLA,USA
Ronald Holland II,DET,5.0,F,6-8,206 lbs,NBA G League Ignite,USA
DaRon Holmes II,DEN,14.0,F,6-9,225 lbs,Dayton,USA
Chet Holmgren,OKC,7.0,C-F,7-1,208 lbs,Gonzaga,USA
Al Horford,GSW,20.0,C-F,6-8,240 lbs,Florida,Dominican Republic
Caleb Houstan,ATL,33.0,G,6-8,205 lbs,Michigan,Canada
Jett Howard,ORL,13.0,G,6-8,215 lbs,Michigan,USA
Kevin Huerter,CHI,13.0,G-F,6-6,198 lbs,Maryland,USA
Jay Huff,IND,32.0,C,7-1,240 lbs,Virginia,USA
Ariel Hukporti,NYK,55.0,C,7-0,246 lbs,Riesen Ludwigsburg,Germany
De'Andre Hunter,CLE,12.0,F-G,6-7,221 lbs,Virginia,USA
CJ Huntley,PHX,22.0,F,6-9,190 lbs,Appalachian State,USA
Bones Hyland,MIN,8.0,G,6-2,169 lbs,Virginia Commonwealth,USA
Oso Ighodaro,PHX,11.0,F,6-11,235 lbs,Marquette,USA
Joe Ingles,MIN,7.0,F-G,6-8,220 lbs,Maccabi Tel Aviv,Australia
Brandon Ingram,TOR,3.0,F,6-8,190 lbs,Duke,USA
Harrison Ingram,SAS,55.0,F,6-5,230 lbs,North Carolina,USA
Kyrie Irving,DAL,11.0,G,6-2,195 lbs,Duke,Australia
Jonathan Isaac,ORL,1.0,F,6-10,230 lbs,Florida State,USA
Jaden Ivey,DET,23.0,G,6-3,195 lbs,Purdue,USA
GG Jackson,MEM,45.0,F,6-9,210 lbs,South Carolina,USA
Isaiah Jackson,IND,22.0,F,6-8,205 lbs,Kentucky,USA
Quenton Jackson,IND,29.0,G,6-4,173 lbs,Texas A&M,USA
Andre Jackson Jr.,MIL,44.0,G,6-6,209 lbs,Connecticut,USA
Jaren Jackson Jr.,MEM,8.0,F-C,6-10,242 lbs,Michigan State,USA
Trayce Jackson-Davis,GSW,32.0,F,6-9,245 lbs,Indiana,USA
Kasparas Jakučionis,MIA,25.0,G,6-5,200 lbs,Illinois-Urbana-Champaign,Lithuania
Bronny James,LAL,9.0,G,6-2,210 lbs,Southern California,USA
LeBron James,LAL,23.0,F,6-9,250 lbs,St. Vincent-St. Mary HS (OH),USA
Sion James,CHA,4.0,G,6-5,220 lbs,Duke,USA
Jaime Jaquez Jr.,MIA,11.0,G,6-6,225 lbs,UCLA,USA
Trey Jemison III,NYK,50.0,C,6-10,270 lbs,Alabama-Birmingham,USA
Daniss Jenkins,DET,24.0,G,6-4,165 lbs,St. John's,USA
Ty Jerome,MEM,2.0,G-F,6-5,195 lbs,Virginia,USA
Isaiah Joe,OKC,11.0,G,6-4,165 lbs,Arkansas,USA
AJ Johnson,WAS,4.0,G,6-5,160 lbs,Illawarra,USA
Cameron Johnson,DEN,23.0,F,6-8,210 lbs,North Carolina,USA
Jalen Johnson,ATL,1.0,F,6-8,219 lbs,Duke,USA
Keldon Johnson,SAS,3.0,F-G,6-6,220 lbs,Kentucky,USA
Keshad Johnson,MIA,16.0,F,6-6,225 lbs,Arizona,USA
Tre Johnson,WAS,12.0,G,6-5,190 lbs,Texas,USA
Nikola Jokić,DEN,15.0,C,6-11,284 lbs,Mega Basket,Serbia
Colby Jones,DET,0.0,G,6-6,207 lbs,Xavier,USA
Herbert Jones,NOP,2.0,F,6-7,206 lbs,Alabama,USA
Isaac Jones,SAC,3.0,F,6-8,245 lbs,Washington State,USA
Kam Jones,IND,7.0,G,6-4,200 lbs,Marquette,USA
Spencer Jones,DEN,21.0,F,6-7,225 lbs,Stanford,USA
Tre Jones,CHI,30.0,G,6-1,185 lbs,Duke,USA
Tyus Jones,ORL,2.0,G,6-0,196 lbs,Duke,USA
David Jones Garcia,SAS,25.0,F,6-4,210 lbs,Memphis,Dominican Republic
Derrick Jones Jr.,LAC,5.0,F,6-6,210 lbs,UNLV,USA
DeAndre Jordan,NOP,6.0,C,6-11,265 lbs,Texas A&M,USA
Nikola Jović,MIA,5.0,F,6-10,205 lbs,Mega Basket,Serbia
Johnny Juzang,MIN,9.0,G,6-7,226 lbs,UCLA,USA
Ryan Kalkbrenner,CHA,11.0,C,7-1,256 lbs,Creighton,USA
Miles Kelly,DAL,14.0,G,6-4,190 lbs,Auburn,USA
Luke Kennard,ATL,3.0,G,6-5,206 lbs,Duke,USA
Walker Kessler,UTA,24.0,C,7-2,245 lbs,Auburn,USA
Corey Kispert,WAS,24.0,F,6-6,224 lbs,Gonzaga,USA
Maxi Kleber,LAL,14.0,F,6-10,240 lbs,Bayern Munich,Germany
Bobi Klintman,DET,34.0,F,6-9,225 lbs,Wake Forest,Sweden
Dalton Knecht,LAL,4.0,F,6-6,215 lbs,Tennessee,USA
Kon Knueppel,CHA,7.0,G-F,6-6,215 lbs,Duke,USA
Tyler Kolek,NYK,13.0,G,6-2,195 lbs,Marquette,USA
Christian Koloko,LAL,10.0,C,6-11,225 lbs,Arizona,Cameroon
John Konchar,MEM,46.0,G,6-5,210 lbs,Indiana-Purdue Fort Wayne,USA
Luke Kornet,SAS,7.0,C-F,7-1,250 lbs,Vanderbilt,USA
Vít Krejčí,ATL,27.0,G,6-8,195 lbs,Zaragoza,Czech Republic
Jonathan Kuminga,GSW,1.0,F,6-7,225 lbs,NBA G League Ignite,DRC
Kyle Kuzma,MIL,18.0,F,6-8,221 lbs,Utah,USA
Jock Landale,MEM,31.0,C,6-11,255 lbs,St. Mary's,Australia
Chaz Lanier,DET,20.0,G,6-3,206 lbs,Tennessee,USA
Jake LaRavia,LAL,12.0,F,6-7,235 lbs,Wake Forest,USA
Pelle Larsson,MIA,9.0,G,6-5,215 lbs,Arizona,Sweden
Zach LaVine,SAC,8.0,G,6-5,200 lbs,UCLA,USA
A.J. Lawson,TOR,0.0,G,6-6,179 lbs,South Carolina,Canada
Kawhi Leonard,LAC,2.0,F,6-6,225 lbs,San Diego State,USA
Caris LeVert,DET,8.0,G,6-7,205 lbs,Michigan,USA
E.J. Liddell,BKN,9.0,F,6-6,240 lbs,Ohio State,USA
Damian Lillard,POR,0.0,G,6-2,200 lbs,Weber State,USA
Dereck Lively II,DAL,2.0,C,7-1,230 lbs,Duke,USA
Isaiah Livers,PHX,18.0,F,6-6,232 lbs,Michigan,USA
Chris Livingston,CLE,24.0,F,6-6,220 lbs,Kentucky,USA
Kevon Looney,NOP,55.0,F,6-9,222 lbs,UCLA,USA
Brook Lopez,LAC,11.0,C,7-1,282 lbs,Stanford,USA
Caleb Love,POR,2.0,G,6-3,212 lbs,Arizona,USA
Kevin Love,UTA,42.0,F-C,6-10,251 lbs,UCLA,USA
Kyle Lowry,PHI,7.0,G,6-0,196 lbs,Villanova,USA
Khaman Maluach,PHX,10.0,C,7-1,250 lbs,Duke,South Sudan
Sandro Mamukelashvili,TOR,54.0,F-C,6-9,240 lbs,Seton Hall,Georgia
Terance Mann,BKN,14.0,G-F,6-6,215 lbs,Florida State,USA
Tre Mann,CHA,23.0,G,6-4,178 lbs,Florida,USA
Chris Mañon,LAL,30.0,G,6-4,209 lbs,Vanderbilt,USA
Lauri Markkanen,UTA,23.0,F-C,7-1,240 lbs,Arizona,Finland
Naji Marshall,DAL,13.0,F,6-6,220 lbs,Xavier,USA
Alijah Martin,TOR,55.0,G,6-2,210 lbs,Florida,USA
Caleb Martin,DAL,16.0,F,6-5,205 lbs,Nevada,USA
Tyrese Martin,BKN,13.0,F,6-6,215 lbs,Connecticut,USA
Bennedict Mathurin,IND,0.0,G-F,6-5,210 lbs,Arizona,Canada
Karlo Matković,NOP,17.0,F-C,6-10,231 lbs,Mega Basket,Bosnia and Herzegovina
Tyrese Maxey,PHI,0.0,G,6-2,200 lbs,Kentucky,USA
Miles McBride,NYK,2.0,G,6-2,195 lbs,West Virginia,USA
Jared McCain,PHI,20.0,G,6-3,195 lbs,Duke,USA
Mac McClung,IND,3.0,G,6-2,185 lbs,Texas Tech,USA
CJ McCollum,WAS,3.0,G,6-3,190 lbs,Lehigh,USA
T.J. McConnell,IND,9.0,G,6-1,190 lbs,Arizona,USA
Kevin McCullar Jr.,NYK,9.0,G,6-6,210 lbs,Kansas,USA
Jaden McDaniels,MIN,3.0,F,6-9,185 lbs,Washington,USA
Doug McDermott,SAC,7.0,F,6-7,225 lbs,Creighton,USA
Bryce McGowens,NOP,11.0,G,6-6,190 lbs,Nebraska,USA
Jordan McLaughlin,SAS,0.0,G,5-11,185 lbs,Southern California,USA
Liam McNeeley,CHA,33.0,F,6-7,210 lbs,Connecticut,USA
De'Anthony Melton,GSW,8.0,G,6-2,200 lbs,Southern California,USA
Sam Merrill,CLE,5.0,G,6-4,205 lbs,Utah State,USA
Khris Middleton,WAS,22.0,F,6-7,222 lbs,Texas A&M,USA
Brandon Miller,CHA,24.0,F,6-7,200 lbs,Alabama,USA
Emanuel Miller,CHI,2.0,F,6-5,215 lbs,TCU,Canada
Jordan Miller,LAC,22.0,G,6-5,194 lbs,Miami,USA
Leonard Miller,MIN,33.0,F,6-10,220 lbs,NBA G League Ignite,Canada
Riley Minix,SAS,27.0,F,6-7,230 lbs,Morehead State,USA
Josh Minott,BOS,8.0,F,6-8,205 lbs,Memphis,USA
Yves Missi,NOP,21.0,C,6-11,235 lbs,Baylor,Cameroon
Ajay Mitchell,OKC,25.0,G,6-4,190 lbs,California-Santa Barbara,Belgium
Davion Mitchell,MIA,45.0,G,6-0,202 lbs,Baylor,USA
Donovan Mitchell,CLE,45.0,G,6-2,215 lbs,Louisville,USA
Evan Mobley,CLE,4.0,C,6-11,215 lbs,Southern California,USA
Jonathan Mogbo,TOR,2.0,F,6-9,225 lbs,San Francisco,USA
Malik Monk,SAC,0.0,G,6-3,200 lbs,Kentucky,USA
Moses Moody,GSW,4.0,G,6-5,211 lbs,Arkansas,USA
Ja Morant,MEM,12.0,G,6-2,174 lbs,Murray State,USA
Trey Murphy III,NOP,25.0,F,6-8,206 lbs,Virginia,USA
Dejounte Murray,NOP,5.0,G,6-4,180 lbs,Washington,USA
Jamal Murray,DEN,27.0,G,6-4,215 lbs,Kentucky,Canada
Keegan Murray,SAC,13.0,F,6-8,225 lbs,Iowa,USA
Kris Murray,POR,24.0,F,6-8,218 lbs,Iowa,USA
Collin Murray-Boyles,TOR,12.0,F,6-7,245 lbs,South Carolina,USA
Svi Mykhailiuk,UTA,10.0,G-F,6-7,205 lbs,Kansas,Ukraine
Pete Nance,MIL,35.0,F,6-9,225 lbs,Northwestern,USA
Larry Nance Jr.,CLE,22.0,F-C,6-6,245 lbs,Wyoming,USA
Eli John Ndiaye,ATL,30.0,F,6-8,209 lbs,Real Madrid,Senegal
Andrew Nembhard,IND,2.0,G-F,6-4,191 lbs,Gonzaga,Canada
Ryan Nembhard,DAL,9.0,G,5-11,180 lbs,Gonzaga,Canada
Aaron Nesmith,IND,23.0,G-F,6-5,215 lbs,Vanderbilt,USA
Asa Newell,ATL,14.0,F,6-10,220 lbs,Georgia,USA
Georges Niang,UTA,31.0,F,6-6,230 lbs,Iowa State,USA
Yanic Konan Niederhäuser,LAC,14.0,C,6-11,242 lbs,Penn State,Switzerland
Zeke Nnaji,DEN,22.0,F-C,6-10,240 lbs,Arizona,USA
Jusuf Nurkić,UTA,30.0,C,6-11,290 lbs,Cedevita,Bosnia and Herzegovina
Josh Okogie,HOU,20.0,G,6-4,213 lbs,Georgia Tech,Nigeria
Onyeka Okongwu,ATL,17.0,F-C,6-10,240 lbs,Southern California,USA
Isaac Okoro,CHI,35.0,F-G,6-4,225 lbs,Auburn,USA
Lachlan Olbrich,CHI,47.0,C,6-8,236 lbs,Illawarra,Australia
Kelly Olynyk,SAS,8.0,F-C,7-0,240 lbs,Gonzaga,Canada
Royce O'Neale,PHX,0.0,F,6-6,226 lbs,Baylor,USA
Kelly Oubre Jr.,PHI,9.0,F-G,6-8,203 lbs,Kansas,USA
Chris Paul,LAC,3.0,G,6-0,175 lbs,Wake Forest,USA
Gary Payton II,GSW,0.0,G,6-2,195 lbs,Oregon State,USA
Micah Peavy,NOP,14.0,G-F,6-7,215 lbs,Georgetown,USA
Noah Penda,ORL,93.0,G-F,6-7,215 lbs,-,France
Taelon Peter,IND,4.0,G,6-3,185 lbs,Liberty,USA
Drew Peterson,CHA,9.0,F,6-8,205 lbs,Southern California,USA
Julian Phillips,CHI,15.0,F,6-6,198 lbs,Tennessee,USA
Jalen Pickett,DEN,24.0,G,6-2,202 lbs,Penn State,USA
Scotty Pippen Jr.,MEM,1.0,G,6-2,170 lbs,Vanderbilt,USA
Daeqwon Plowden,SAC,29.0,G-F,6-4,216 lbs,Bowling Green,USA
Mason Plumlee,CHA,22.0,F-C,7-0,254 lbs,Duke,USA
Brandin Podziemski,GSW,2.0,G,6-4,205 lbs,Santa Clara,USA
Jakob Poeltl,TOR,19.0,C,7-0,253 lbs,Utah,Austria
Jordan Poole,NOP,3.0,G,6-4,194 lbs,Michigan,USA
Craig Porter Jr.,CLE,9.0,G,6-1,180 lbs,Wichita State,USA
Kevin Porter Jr.,MIL,7.0,G-F,6-5,203 lbs,Southern California,USA
Michael Porter Jr.,BKN,17.0,F,6-10,218 lbs,Missouri,USA
Bobby Portis,MIL,9.0,F,6-9,250 lbs,Arkansas,USA
Kristaps Porziņģis,ATL,8.0,F-C,7-2,240 lbs,Cajasol Sevilla,Latvia
Quinten Post,GSW,21.0,C,7-0,238 lbs,Boston College,Netherlands
Drake Powell,BKN,4.0,G-F,6-5,195 lbs,North Carolina,USA
Dwight Powell,DAL,7.0,F-C,6-10,240 lbs,Stanford,Canada
Norman Powell,MIA,24.0,G,6-3,215 lbs,UCLA,USA
Taurean Prince,MIL,12.0,F,6-6,218 lbs,Baylor,USA
Payton Pritchard,BOS,11.0,G,6-1,195 lbs,Oregon,USA
Tyrese Proctor,CLE,24.0,G,6-4,185 lbs,Duke,Australia
Olivier-Maxence Prosper,MEM,8.0,F,6-7,230 lbs,Marquette,Canada
Derik Queen,NOP,22.0,C,6-9,250 lbs,Maryland,USA
Neemias Queta,BOS,88.0,C,7-0,248 lbs,Utah State,Portugal
Immanuel Quickley,TOR,5.0,G,6-2,190 lbs,Kentucky,USA
Julius Randle,MIN,30.0,F-C,6-9,250 lbs,Kentucky,USA
Maxime Raynaud,SAC,42.0,C,7-1,250 lbs,Stanford,France
Duop Reath,POR,26.0,C,6-9,245 lbs,Louisiana State,South Sudan
Austin Reaves,LAL,15.0,G,6-5,197 lbs,Oklahoma,USA
Paul Reed,DET,7.0,F,6-9,210 lbs,DePaul,USA
Antonio Reeves,CHA,12.0,G,6-5,205 lbs,Kentucky,USA
Naz Reid,MIN,11.0,C-F,6-9,264 lbs,Louisiana State,USA
Will Richard,GSW,3.0,G,6-3,206 lbs,Florida,USA
Nick Richards,PHX,2.0,C,6-11,245 lbs,Kentucky,Jamaica
Jase Richardson,ORL,11.0,G,6-1,180 lbs,Michigan State,USA
Will Riley,WAS,27.0,F,6-9,180 lbs,Illinois-Urbana-Champaign,USA
Zaccharie Risacher,ATL,10.0,F,6-8,200 lbs,JL Bourg-en-Bresse,France
Duncan Robinson,DET,55.0,F,6-7,215 lbs,Michigan,USA
Mitchell Robinson,NYK,23.0,C-F,7-0,240 lbs,Western Kentucky,USA
Orlando Robinson,ORL,21.0,C,6-10,235 lbs,Fresno State,USA
Jeremiah Robinson-Earl,IND,50.0,F,6-9,240 lbs,Villanova,USA
Ryan Rollins,MIL,13.0,G,6-3,180 lbs,Toledo,USA
Jackson Rowe,GSW,44.0,F,6-6,210 lbs,California State-Fullerton,Canada
Terry Rozier,MIA,2.0,G,6-1,190 lbs,Louisville,USA
Rayan Rupert,POR,21.0,G-F,6-7,205 lbs,New Zealand Breakers,France
D'Angelo Russell,DAL,5.0,G,6-3,193 lbs,Ohio State,USA
Domantas Sabonis,SAC,11.0,F-C,6-10,240 lbs,Gonzaga,Lithuania
Tidjane Salaün,CHA,31.0,F,6-10,207 lbs,Cholet,France
Hunter Sallis,PHI,45.0,G,6-4,185 lbs,Wake Forest,USA
Kobe Sanders,LAC,4.0,G,6-8,207 lbs,Nevada,USA
Gui Santos,GSW,15.0,F,6-7,185 lbs,Minas,Brazil
Ben Saraf,BKN,77.0,G,6-6,200 lbs,Ratiopharm Ulm,Israel
Dario Šarić,SAC,9.0,F-C,6-10,225 lbs,Anadolu Efes,Croatia
Alex Sarr,WAS,20.0,C,7-0,205 lbs,Washington Wizards,France
Marcus Sasser,DET,25.0,G,6-1,195 lbs,Houston,USA
Baylor Scheierman,BOS,55.0,G,6-6,205 lbs,Creighton,USA
Dennis Schröder,SAC,17.0,G,6-1,175 lbs,Braunschweig,Germany
Mark Sears,MIL,19.0,G,6-0,185 lbs,Alabama,USA
Alperen Sengun,HOU,28.0,C,6-11,243 lbs,Besiktas,Turkey
Brice Sensabaugh,UTA,28.0,F,6-6,235 lbs,Ohio State,USA
Collin Sexton,CHA,8.0,G,6-3,190 lbs,Alabama,USA
Landry Shamet,NYK,44.0,G,6-5,190 lbs,Wichita State,USA
Terrence Shannon Jr.,MIN,1.0,G-F,6-6,215 lbs,Illinois,USA
Day'Ron Sharpe,BKN,20.0,C,6-10,265 lbs,North Carolina,USA
Shaedon Sharpe,POR,17.0,G,6-5,210 lbs,Kentucky,Canada
Jamal Shead,TOR,23.0,G,6-1,200 lbs,Houston,USA
Ben Sheppard,IND,26.0,G,6-6,190 lbs,Belmont,USA
Reed Sheppard,HOU,15.0,G,6-2,185 lbs,Kentucky,USA
Max Shulga,BOS,29.0,G,6-4,210 lbs,Virginia Commonwealth,Ukraine
Pascal Siakam,IND,43.0,F,6-8,245 lbs,New Mexico State,Cameroon
Anfernee Simons,BOS,4.0,G,6-3,200 lbs,Edgewater HS (FL),USA
KJ Simpson,CHA,25.0,G,6-2,189 lbs,Colorado,USA
Jericho Sims,MIL,0.0,C,6-10,250 lbs,Texas,USA
Javon Small,MEM,10.0,G,6-1,190 lbs,West Virginia,USA
Marcus Smart,LAL,36.0,G,6-3,220 lbs,Oklahoma State,USA
Dru Smith,MIA,12.0,G,6-2,203 lbs,Missouri,USA
Jalen Smith,CHI,25.0,F-C,6-8,215 lbs,Maryland,USA
Tolu Smith,DET,35.0,F,6-11,,Mississippi State,USA
Jabari Smith Jr.,HOU,10.0,F,6-11,220 lbs,Auburn,USA
Nick Smith Jr.,LAL,20.0,G,6-2,185 lbs,Arkansas,USA
Jeremy Sochan,SAS,10.0,F,6-8,230 lbs,Baylor,Poland
Thomas Sorber,OKC,12.0,C,6-9,250 lbs,Georgetown,USA
Cam Spencer,MEM,24.0,G,6-3,205 lbs,Connecticut,USA
Pat Spencer,GSW,61.0,G,6-2,205 lbs,Northwestern,USA
Isaiah Stevens,SAC,,G,5-11,185 lbs,Colorado State,USA
Isaiah Stewart,DET,28.0,F-C,6-8,250 lbs,Washington,USA
Julian Strawther,DEN,3.0,G,6-6,205 lbs,Gonzaga,USA
Max Strus,CLE,1.0,G-F,6-5,215 lbs,DePaul,USA
Jalen Suggs,ORL,4.0,G,6-5,205 lbs,Gonzaga,USA
Jae'Sean Tate,HOU,8.0,F,6-4,230 lbs,Ohio State,USA
Jayson Tatum,BOS,0.0,F-G,6-8,210 lbs,Duke,USA
Jahmyl Telfort,LAC,19.0,G,6-7,,-,Canada
Garrett Temple,TOR,17.0,G-F,6-5,195 lbs,Louisiana State,USA
Dalen Terry,CHI,7.0,F,6-6,195 lbs,Arizona,USA
Adou Thiero,LAL,1.0,G,6-7,220 lbs,Arkansas,USA
Cam Thomas,BKN,24.0,G,6-3,210 lbs,Louisiana State,Japan
Amen Thompson,HOU,1.0,G-F,6-7,200 lbs,Overtime Elite,USA
Ausar Thompson,DET,9.0,G-F,6-7,205 lbs,Overtime Elite,USA
Klay Thompson,DAL,31.0,G,6-5,220 lbs,Washington State,USA
Matisse Thybulle,POR,4.0,G-F,6-5,202 lbs,Washington,USA
Xavier Tillman,BOS,26.0,F,6-8,245 lbs,Michigan State,USA
Nae'Qwan Tomlin,CLE,30.0,F,6-8,210 lbs,Memphis,USA
John Tonje,UTA,17.0,G,6-4,218 lbs,Wisconsin,USA
Alex Toohey,GSW,22.0,F,6-8,223 lbs,Sydney Kings,Australia
Nikola Topić,OKC,44.0,G,6-6,200 lbs,Crvena zvezda,Serbia
Jacob Toppin,ATL,0.0,F,6-9,200 lbs,Kentucky,USA
Obi Toppin,IND,1.0,F,6-9,220 lbs,Dayton,USA
Karl-Anthony Towns,NYK,32.0,C-F,7-0,248 lbs,Kentucky,USA
Nolan Traore,BKN,88.0,G,6-3,185 lbs,Saint-Quentin,France
Luke Travers,CLE,33.0,F,6-6,207 lbs,Rockingham Flames (Aus.),Australia
Gary Trent Jr.,MIL,5.0,G,6-5,204 lbs,Duke,USA
Oscar Tshiebwe,UTA,34.0,F-C,6-8,255 lbs,Kentucky,DRC
Myles Turner,MIL,3.0,C-F,6-11,250 lbs,Texas,USA
Hunter Tyson,DEN,5.0,F,6-8,215 lbs,Clemson,USA
Jaylon Tyson,CLE,20.0,G-F,6-6,215 lbs,California,USA
Jonas Valančiūnas,DEN,17.0,C,6-11,265 lbs,Lietuvos rytas Vilnius,Lithuania
Jarred Vanderbilt,LAL,2.0,F,6-8,214 lbs,Kentucky,USA
Fred VanVleet,HOU,5.0,G,6-0,197 lbs,Wichita State,USA
Devin Vassell,SAS,24.0,G-F,6-5,200 lbs,Florida State,USA
Gabe Vincent,LAL,7.0,G,6-2,200 lbs,California-Santa Barbara,USA
Nikola Vučević,CHI,9.0,C,6-9,260 lbs,Southern California,Montenegro
Tristan Vukcevic,WAS,0.0,F,7-0,220 lbs,Real Madrid,Italy
Dean Wade,CLE,32.0,F-C,6-9,228 lbs,Kansas State,USA
Franz Wagner,ORL,22.0,F,6-10,220 lbs,Michigan,Germany
Moritz Wagner,ORL,21.0,F-C,6-11,245 lbs,Michigan,Germany
Jabari Walker,PHI,34.0,F,6-7,237 lbs,Colorado,USA
Jarace Walker,IND,5.0,F,6-7,235 lbs,Houston,USA
Cason Wallace,OKC,22.0,G,6-3,195 lbs,Kentucky,USA
Keaton Wallace,ATL,2.0,G,6-3,185 lbs,Texas-San Antonio,USA
Jordan Walsh,BOS,27.0,G,6-6,205 lbs,Arkansas,USA
Ja'Kobe Walter,TOR,14.0,G,6-4,180 lbs,Baylor,USA
Kel'el Ware,MIA,7.0,C,7-0,230 lbs,Indiana,USA
P.J. Washington,DAL,25.0,F,6-7,230 lbs,Kentucky,USA
Lindy Waters III,SAS,43.0,F,6-5,210 lbs,Oklahoma State,USA
Trendon Watford,PHI,12.0,G-F,6-8,237 lbs,Louisiana State,USA
Jamir Watkins,WAS,5.0,F,6-6,210 lbs,Florida State,USA
Peyton Watson,DEN,8.0,G,6-8,200 lbs,UCLA,USA
Jaylen Wells,MEM,0.0,F,6-7,,Washington State,USA
Victor Wembanyama,SAS,1.0,F-C,7-4,235 lbs,Metropolitans 92,France
Blake Wesley,POR,1.0,G,6-4,190 lbs,Notre Dame,USA
Russell Westbrook,SAC,18.0,G,6-4,200 lbs,UCLA,USA
Coby White,CHI,0.0,G,6-4,195 lbs,North Carolina,USA
Derrick White,BOS,9.0,G,6-4,190 lbs,Colorado,USA
Cam Whitmore,WAS,1.0,F,6-6,230 lbs,Villanova,USA
Aaron Wiggins,OKC,21.0,G,6-5,190 lbs,Maryland,USA
Andrew Wiggins,MIA,22.0,F,6-6,197 lbs,Kansas,Canada
Amari Williams,BOS,77.0,F-C,6-11,250 lbs,Kentucky,United Kingdom
Brandon Williams,DAL,10.0,G,6-1,190 lbs,Arizona,USA
Cody Williams,UTA,5.0,F,6-8,190 lbs,Colorado,USA
Grant Williams,CHA,2.0,F,6-7,236 lbs,Tennessee,USA
Jalen Williams,OKC,8.0,G-F,6-5,211 lbs,Santa Clara,USA
Jaylin Williams,OKC,6.0,F,6-9,240 lbs,Arkansas,USA
Kenrich Williams,OKC,34.0,G-F,6-7,210 lbs,TCU,USA
Mark Williams,PHX,15.0,C,7-1,240 lbs,Duke,USA
Patrick Williams,CHI,44.0,F,6-6,215 lbs,Florida State,USA
Ziaire Williams,BKN,1.0,F,6-9,185 lbs,Stanford,USA
Robert Williams III,POR,35.0,C-F,6-9,249 lbs,Texas A&M,USA
Vince Williams Jr.,MEM,5.0,G,6-4,205 lbs,Virginia Commonwealth,USA
Zion Williamson,NOP,1.0,F,6-6,284 lbs,Duke,USA
Jalen Wilson,BKN,22.0,F,6-6,220 lbs,Kansas,USA
Danny Wolf,BKN,2.0,F,6-11,250 lbs,Michigan,USA
Guerschon Yabusele,NYK,28.0,F,6-7,265 lbs,"Rouen, France",France
Yang Hansen,POR,16.0,C,7-1,270 lbs,-,China
Jahmir Young,MIA,11.0,G,6-0,185 lbs,Maryland,USA
Trae Young,ATL,11.0,G,6-2,164 lbs,Oklahoma,USA
Chris Youngblood,OKC,3.0,G,6-4,,Alabama,USA
Rocco Zikarsky,MIN,44.0,C,7-3,227 lbs,-,Australia
Ivica Zubac,LAC,40.0,C,7-0,240 lbs,Mega Basket,Croatia